{"schemaVersion":"1.0","appDefinitionTemplate":{"id":"/providers/Microsoft.PowerApps/apps/","type":"Microsoft.PowerApps/apps","tags":{"primaryDeviceWidth":"1366","primaryDeviceHeight":"768","supportsPortrait":"true","supportsLandscape":"true","primaryFormFactor":"Tablet","showStatusBar":"true","publisherVersion":"3.25043.9","minimumRequiredApiVersion":"2.2.0","hasComponent":"true","hasUnlockedComponent":"true","isUnifiedRootApp":"false","sienaVersion":"20250424T155310Z-3.25043.9.0"},"properties":{"appVersion":"2025-04-24T15:53:10Z","lifeCycleId":"Published","createdByClientVersion":{"major":3,"minor":25043,"build":9,"revision":0,"majorRevision":0,"minorRevision":0},"minClientVersion":{"major":3,"minor":25043,"build":9,"revision":0,"majorRevision":0,"minorRevision":0},"backgroundColor":"rgba(255, 255, 255, 1)","backgroundImageUri":"/12938357019598237488/N19ef8288-8232-43f0-93b9-25f738ddc301-logoSmallFile","displayName":"Sudoku Game","description":"Play Sudoku!","commitMessage":"","appUris":{"documentUri":{"value":"/12938357019598237488/N1da47358-dbb7-4068-a2ab-f722e745c892-document.msapp"},"imageUris":[],"additionalUris":[{"isSolutionAware":false,"value":"/12938357019598237488/N23a4b849-5252-4074-8d45-87415c02912e-identity.json"}]},"createdTime":"0001-01-01T00:00:00Z","lastModifiedTime":"0001-01-01T00:00:00Z","sharedGroupsCount":0,"sharedUsersCount":0,"connectionReferences":{"c685da43-f4ee-403e-8e88-54e91b683465":{"id":"0df7171b-be4f-40bf-a6d2-03a1d4f89f37","displayName":"Office 365 Users","iconUri":"https://conn-afd-prod-endpoint-bmc9bqahasf3grgk.b01.azurefd.net/releases/v1.0.1746/1.0.1746.4174/office365users/icon.png","dataSources":["Office365Users"],"dependencies":[],"dependents":[],"parameterHints":{},"parameterHintsV2":{},"isOnPremiseConnection":false,"bypassConsent":false,"dataSets":{},"apiTier":"Standard","isCustomApiConnection":false,"actions":["UserPhoto_V2"]},"7ec19226-ca5f-442c-a31d-3878c2029a90":{"id":"ff90f4bf-336d-4724-824f-bdae800da04c","displayName":"Logic flows","iconUri":"https://conn-afd-prod-endpoint-bmc9bqahasf3grgk.b01.azurefd.net/releases/v1.0.1745/1.0.1745.4169/logicflows/icon.png","dataSources":["SudokuApp-SyncUserData"],"dependencies":["a9a92c20-e661-4e5c-9aa0-9b82cb961c0f"],"dependents":[],"parameterHints":{"workflowName":{"value":"2f1c5cb4-c44d-4434-aac9-e837367dc84b"},"workflowEntityId":{"value":"25c563c2-89f7-ef11-bae2-7c1e5246e3cc"},"workflowDisplayName":{"value":"Sudoku App - Sync User Data"},"a9a92c20-e661-4e5c-9aa0-9b82cb961c0f":{"value":"shared_onedriveforbusiness"}},"parameterHintsV2":{"workflowName":{"value":"2f1c5cb4-c44d-4434-aac9-e837367dc84b"},"workflowEntityId":{"value":"25c563c2-89f7-ef11-bae2-7c1e5246e3cc"},"workflowDisplayName":{"value":"Sudoku App - Sync User Data"},"shared_onedriveforbusiness":{"value":"a9a92c20-e661-4e5c-9aa0-9b82cb961c0f"}},"isOnPremiseConnection":false,"bypassConsent":false,"dataSets":{},"apiTier":"Standard","isCustomApiConnection":false,"actions":["Run"],"nestedActions":[{"id":"/providers/Microsoft.PowerApps/apis/shared_onedriveforbusiness/apiOperations/FindFilesByPath","flowConnectionRef":"shared_onedriveforbusiness","apiName":"OneDrive for Business","actionName":"FindFilesByPath","referencedResources":[]},{"id":"/providers/Microsoft.PowerApps/apis/shared_onedriveforbusiness/apiOperations/GetFileContent","flowConnectionRef":"shared_onedriveforbusiness","apiName":"OneDrive for Business","actionName":"GetFileContent","referencedResources":[{"key":"fileId","value":"@coalesce(\r\noutputs('Create_file')?['body/Id'],\r\nFirst(body('Find_files_in_folder_by_path'))?['Id'])"}]},{"id":"/providers/Microsoft.PowerApps/apis/shared_onedriveforbusiness/apiOperations/UpdateFile","flowConnectionRef":"shared_onedriveforbusiness","apiName":"OneDrive for Business","actionName":"UpdateFile","referencedResources":[{"key":"fileId","value":"@coalesce(\noutputs('Create_file')?['body/Id'],\nFirst(body('Find_files_in_folder_by_path'))?['Id'])"}]},{"id":"/providers/Microsoft.PowerApps/apis/shared_onedriveforbusiness/apiOperations/CreateFile","flowConnectionRef":"shared_onedriveforbusiness","apiName":"OneDrive for Business","actionName":"CreateFile","referencedResources":[]}]},"a9a92c20-e661-4e5c-9aa0-9b82cb961c0f":{"id":"e7d3bbc5-06b5-42e2-bc5c-8497e17fd090","displayName":"OneDrive for Business","iconUri":"https://conn-afd-prod-endpoint-bmc9bqahasf3grgk.b01.azurefd.net/releases/v1.0.1732/1.0.1732.4070/onedriveforbusiness/icon.png","dataSources":[],"dependencies":[],"dependents":["7ec19226-ca5f-442c-a31d-3878c2029a90"],"parameterHints":{},"parameterHintsV2":{},"isOnPremiseConnection":false,"bypassConsent":false,"dataSets":{},"apiTier":"Standard","isCustomApiConnection":false}},"databaseReferences":{},"almMode":"Environment","performanceOptimizationEnabled":true,"canConsumeAppPass":true,"enableModernRuntimeMode":false,"executionRestrictions":{"isTeamsOnly":false,"dataLossPreventionEvaluationResult":{"status":"Compliant","lastEvaluationDate":"2025-04-24T15:53:16.7738665Z","violations":[],"violationsByPolicy":[],"violationErrorMessage":"The app uses the following connectors: shared_office365users, shared_logicflows, shared_onedriveforbusiness."},"httpActionRestriction":{"appUsesSharepointHttpAction":false,"enforcementStrategy":"Legacy","evaluationTime":"2025-04-24T15:53:16.7737479Z"}}},"isAppComponentLibrary":false,"appType":"ClassicCanvasApp","appComponents":[]}}